board,point_total,total_num_words,7_or_longer,10_or_longer
"[['D', 'O', 'T', 'W'], ['A', 'A', 'O', 'M'], ['G', 'Y', 'E', 'F'], ['W', 'E', 'S', 'T']]",63700,184,"['FOOTAGE', 'TOOMEST', 'FOOTAGES', 'DOTAGES']",[]
"[['C', 'O', 'Q', 'S'], ['L', 'U', 'Y', 'H'], ['Y', 'C', 'N', 'N'], ['A', 'A', 'T', 'H']]",18300,52,[],[]
"[['V', 'N', 'I', 'A'], ['T', 'F', 'U', 'Y'], ['S', 'O', 'O', 'C'], ['E', 'N', 'E', 'T']]",67400,151,"['FIAUNTS', 'INTONES']",[]
"[['S', 'M', 'H', 'L'], ['U', 'T', 'E', 'W'], ['I', 'O', 'C', 'E'], ['R', 'T', 'R', 'N']]",102400,211,"['CORIUMS', 'WETSUIT', 'RECTUMS']",[]
"[['S', 'U', 'D', 'T'], ['P', 'I', 'E', 'N'], ['B', 'A', 'R', 'S'], ['T', 'A', 'F', 'N']]",225700,376,"['ABIDERS', 'TABARET', 'SENDUPS', 'UPSIDES', 'APSIDES', 'SPIDERS']",[]
"[['H', 'I', 'R', 'S'], ['A', 'H', 'N', 'E'], ['T', 'O', 'A', 'N'], ['T', 'G', 'R', 'E']]",172900,285,"['ATHANOR', 'HORNERS', 'THINNER', 'SENHORA', 'EARNERS', 'ATONERS', 'GROANERS', 'GARNERS', 'NOTAIRES', 'GROANER', 'TONNERS', 'ATTONES', 'THINNERS', 'NOTAIRE']",[]
"[['C', 'O', 'Y', 'A'], ['E', 'N', 'T', 'V'], ['O', 'E', 'H', 'H'], ['N', 'L', 'T', 'B']]",37200,96,[],[]
"[['L', 'P', 'E', 'D'], ['O', 'W', 'O', 'Y'], ['R', 'D', 'W', 'I'], ['G', 'H', 'S', 'H']]",45800,113,"['DEWDROP', 'SHROWED']",[]
"[['D', 'Y', 'S', 'L'], ['I', 'H', 'T', 'E'], ['T', 'E', 'G', 'R'], ['D', 'I', 'P', 'O']]",132800,221,"['PITIETH', 'LETHIED', 'SHTETEL', 'TIGHTROPE', 'SERPIGO', 'PIGHTED', 'DEPORTS', 'PRESTED', 'PIGHTLE', 'PETRELS', 'TERGITE', 'PIGHTLES', 'TIGHTER']",[]
"[['I', 'S', 'M', 'W'], ['E', 'G', 'N', 'P'], ['L', 'D', 'T', 'M'], ['T', 'E', 'O', 'O']]",46500,100,['TOODLES'],[]
"[['P', 'K', 'D', 'E'], ['I', 'L', 'C', 'U'], ['I', 'A', 'O', 'S'], ['N', 'T', 'N', 'G']]",182200,306,"['DECALOG', 'ANTILOCK', 'DECLINANT', 'SOLACED', 'ANTILOG', 'CONTAIN', 'TOUCANS', 'TALCOUS', 'ILIACUS', 'DECALOGS', 'ANTILOGS', 'CANTONS']",[]
"[['T', 'H', 'U', 'B'], ['O', 'A', 'E', 'S'], ['F', 'D', 'T', 'E'], ['S', 'R', 'N', 'N']]",112200,236,[],[]
"[['T', 'S', 'U', 'N'], ['N', 'R', 'O', 'S'], ['A', 'R', 'E', 'O'], ['A', 'D', 'Y', 'E']]",201000,300,"['AROUSER', 'ERRANTS', 'ROOSERS', 'UNORDERS', 'SNARRED', 'UNORDER', 'TROUSER', 'ROUSERS', 'RESORTS', 'AROUSED', 'SNORERS', 'SERRANS', 'NOOSERS', 'AROUSERS', 'DROSERA']",[]
"[['I', 'I', 'L', 'T'], ['R', 'X', 'N', 'S'], ['A', 'S', 'E', 'H'], ['V', 'A', 'E', 'O']]",52900,118,"['SAVARIN', 'SAVARINS']",[]
"[['D', 'S', 'I', 'T'], ['E', 'T', 'A', 'V'], ['C', 'R', 'R', 'O'], ['H', 'O', 'L', 'D']]",219300,332,"['RATITES', 'ROASTER', 'STARRED', 'ARROCES', 'CHRESARD', 'RECOLOR', 'DECOLOR', 'SERRATI', 'ROASTED', 'RETRAIT']",[]
"[['A', 'N', 'Y', 'S'], ['E', 'I', 'A', 'M'], ['D', 'A', 'F', 'T'], ['H', 'H', 'V', 'D']]",59900,155,[],[]
"[['L', 'X', 'A', 'A'], ['T', 'I', 'C', 'R'], ['F', 'R', 'P', 'S'], ['I', 'V', 'D', 'D']]",43900,91,['TRICARS'],[]
"[['I', 'W', 'T', 'R'], ['L', 'O', 'T', 'B'], ['H', 'H', 'S', 'O'], ['I', 'S', 'A', 'C']]",58400,143,[],[]
"[['N', 'O', 'U', 'F'], ['I', 'T', 'K', 'K'], ['E', 'N', 'T', 'G'], ['E', 'U', 'Y', 'C']]",29500,70,[],[]
"[['E', 'C', 'O', 'D'], ['P', 'W', 'E', 'M'], ['O', 'U', 'R', 'H'], ['I', 'I', 'W', 'A']]",48500,124,[],[]
"[['W', 'F', 'H', 'S'], ['N', 'A', 'R', 'S'], ['N', 'D', 'E', 'G'], ['T', 'I', 'I', 'H']]",168400,280,"['WANTIES', 'SHANDIES', 'SHANNIES', 'INDRAWN', 'GRANNIES', 'RANDIES', 'FANNIED', 'WANDERS', 'TINDERS', 'SHADIER', 'GRANNIE', 'SHANTIES', 'TIDIERS', 'DANNIES', 'DIGRESS', 'GRANNIED', 'HANDIER', 'FANNIES', 'HANDERS', 'SHADERS', 'HARDIES']",[]
"[['X', 'T', 'A', 'E'], ['E', 'R', 'P', 'O'], ['T', 'H', 'S', 'S'], ['A', 'C', 'G', 'O']]",99600,187,"['SPARTHE', 'SPARTHS', 'GHERAOS', 'EPATERS']",[]
"[['L', 'O', 'B', 'A'], ['R', 'O', 'E', 'A'], ['N', 'R', 'F', 'N'], ['Y', 'H', 'T', 'P']]",57900,151,[],[]
"[['O', 'U', 'A', 'M'], ['D', 'I', 'O', 'R'], ['I', 'T', 'H', 'A'], ['G', 'E', 'E', 'H']]",45800,127,"['AUDITEE', 'AUDITOR']",[]
"[['P', 'D', 'H', 'S'], ['N', 'T', 'E', 'A'], ['E', 'H', 'O', 'O'], ['T', 'A', 'N', 'S']]",87300,185,"['SNOOTED', 'SOOTHED', 'SNATHES', 'SOOTHES', 'DETONATE']",[]
"[['D', 'R', 'W', 'I'], ['F', 'I', 'C', 'W'], ['Y', 'R', 'E', 'O'], ['A', 'T', 'E', 'M']]",81700,179,"['COMETARY', 'MERCIFY', 'METRIFY', 'DIETARY']",[]
"[['O', 'G', 'B', 'E'], ['T', 'N', 'V', 'D'], ['S', 'G', 'S', 'T'], ['B', 'A', 'A', 'I']]",30100,80,[],[]
"[['D', 'C', 'G', 'F'], ['E', 'T', 'R', 'J'], ['S', 'S', 'E', 'R'], ['O', 'D', 'E', 'E']]",185600,216,"['DOSSERET', 'REESTED', 'STEERED', 'JEREEDS', 'DESEEDS', 'REREDOS', 'JERREED', 'TERESES', 'DECREES', 'CREESED', 'CRESTED', 'REREDOSES', 'DETERRED', 'DESERTED', 'REEDERS', 'DECREER', 'CRESSET', 'GREESES', 'DECREED', 'TRESSED', 'JERREEDS', 'TEREDOS', 'RESECTED', 'OSSETER', 'CREESES', 'REREDOSSE', 'DESERTS', 'RESECTS', 'DESSERT', 'SECRETS']",[]
"[['T', 'S', 'A', 'O'], ['Y', 'I', 'N', 'D'], ['U', 'B', 'E', 'I'], ['S', 'D', 'T', 'N']]",139800,245,"['INDITED', 'IDONEITY', 'ASININE', 'INTENSITY', 'BEDUINS', 'SUBEDIT', 'STIBNITE', 'SUBTEND', 'DENSITY', 'TENSITY', 'DENTINS']",[]
"[['T', 'H', 'D', 'F'], ['S', 'B', 'F', 'I'], ['L', 'E', 'T', 'U'], ['N', 'A', 'H', 'E']]",98700,206,"['BLATEST', 'BLAHEST', 'ETHANES']",[]
"[['P', 'S', 'O', 'S'], ['R', 'I', 'H', 'U'], ['X', 'E', 'F', 'T'], ['E', 'D', 'I', 'N']]",162900,252,"['EDIFIER', 'DITHERS', 'EDIFIERS', 'OUTFISH', 'PREEDIT', 'SOUTHED', 'SHIFTIER', 'SHOUTIER', 'PREFIXED', 'OUTFISHED', 'OUTHIRED', 'INFIXED', 'OUTFIRED', 'OUTFIRE', 'SOUTHER', 'OUTHIRE', 'TIDERIPS', 'SOUTHERS', 'TIDERIP', 'REDFISH', 'NITHERS', 'REFIXED']",[]
"[['D', 'H', 'I', 'F'], ['F', 'C', 'H', 'O'], ['E', 'S', 'S', 'O'], ['N', 'E', 'T', 'T']]",99500,180,"['SENECIOS', 'CHOOSES', 'SHOTTEN', 'SHOTTES', 'SENECIO']",[]
"[['I', 'U', 'S', 'E'], ['H', 'B', 'M', 'T'], ['A', 'N', 'W', 'I'], ['R', 'R', 'D', 'P']]",48300,112,"['BANDITS', 'HUSBAND', 'HUMITES']",[]
"[['E', 'A', 'O', 'T'], ['C', 'N', 'P', 'T'], ['S', 'A', 'R', 'H'], ['R', 'S', 'H', 'O']]",107700,198,"['TRAPANS', 'ANAPHORS', 'CARTONS', 'PARTONS', 'SHORANS', 'ANAPHOR']",[]
"[['A', 'E', 'F', 'C'], ['O', 'H', 'N', 'N'], ['T', 'E', 'S', 'H'], ['Z', 'G', 'D', 'T']]",29300,101,[],[]
"[['P', 'S', 'R', 'B'], ['O', 'L', 'T', 'E'], ['R', 'O', 'C', 'A'], ['W', 'T', 'N', 'N']]",182300,297,"['RECOLOR', 'STOLPORT', 'LOOTERS', 'COLTERS', 'CONTROLS', 'TOLTERS', 'CONTROL', 'REACTOR', 'LOCATERS', 'ROOSTER', 'RETOOLS', 'LOCATER', 'POOTERS', 'ROOTERS', 'CONNATE']",[]
"[['D', 'C', 'S', 'A'], ['M', 'E', 'V', 'N'], ['N', 'M', 'A', 'Y'], ['O', 'C', 'H', 'E']]",89900,196,['CANVASED'],[]
"[['O', 'I', 'F', 'H'], ['E', 'C', 'S', 'D'], ['H', 'R', 'T', 'R'], ['I', 'T', 'E', 'W']]",102700,148,"['HITTERS', 'CRITTERS', 'HEISTER', 'CHITTERS', 'THIRSTER', 'WETHERS', 'TETHERS', 'CRITTER', 'CHITTER', 'ETCHERS', 'RITTERS']",[]
"[['Y', 'S', 'S', 'E'], ['C', 'O', 'E', 'I'], ['C', 'H', 'N', 'R'], ['N', 'H', 'R', 'L']]",96600,173,"['COSINES', 'SONERIS', 'HENRIES', 'HERISSON']",[]
"[['M', 'O', 'G', 'D'], ['T', 'A', 'D', 'R'], ['C', 'A', 'K', 'M'], ['I', 'G', 'T', 'I']]",23900,90,[],[]
"[['L', 'A', 'F', 'I'], ['E', 'H', 'W', 'L'], ['V', 'B', 'H', 'Y'], ['R', 'W', 'I', 'E']]",9500,38,[],[]
"[['B', 'T', 'N', 'E'], ['S', 'E', 'C', 'O'], ['L', 'T', 'C', 'P'], ['R', 'A', 'A', 'H']]",156300,266,"['ACETALS', 'ACCENTS', 'CONTEST', 'ACHATES', 'LATENTS', 'LATENCE', 'PATENTS', 'TALENTS', 'STARLET', 'CARTELS']",[]
"[['G', 'W', 'I', 'V'], ['I', 'F', 'S', 'F'], ['N', 'L', 'I', 'A'], ['R', 'O', 'R', 'T']]",67900,154,['TAILFIN'],[]
"[['S', 'A', 'I', 'Y'], ['E', 'F', 'N', 'D'], ['B', 'S', 'T', 'U'], ['P', 'W', 'R', 'E']]",83600,156,"['SANTURS', 'INFESTER', 'FAINTERS', 'BESAINT', 'BESAINTS', 'NAIFEST', 'SNIFTER', 'FAINTER']",[]
"[['A', 'O', 'O', 'A'], ['E', 'V', 'T', 'H'], ['C', 'P', 'E', 'R'], ['R', 'B', 'M', 'N']]",49500,124,"['BEHOOVE', 'OVERHOT']",[]
"[['T', 'W', 'C', 'I'], ['W', 'O', 'O', 'I'], ['S', 'E', 'L', 'A'], ['H', 'L', 'N', 'H']]",108700,207,"['WOOSELL', 'TOENAIL', 'WOOLLEN', 'SWOLLEN', 'TOLANES', 'ENHALOS']",[]
"[['O', 'O', 'T', 'M'], ['E', 'I', 'A', 'A'], ['D', 'U', 'L', 'R'], ['I', 'T', 'H', 'E']]",87500,180,['MAUTHER'],[]
"[['F', 'F', 'O', 'R'], ['C', 'I', 'A', 'M'], ['T', 'K', 'H', 'E'], ['T', 'L', 'I', 'H']]",33500,108,['MAFFICK'],[]
"[['E', 'V', 'E', 'N'], ['T', 'F', 'H', 'A'], ['U', 'Z', 'T', 'N'], ['I', 'S', 'S', 'O']]",35700,94,[],[]
"[['F', 'F', 'C', 'O'], ['Y', 'O', 'N', 'Y'], ['L', 'A', 'T', 'X'], ['H', 'I', 'I', 'E']]",55500,128,"['ANXIETY', 'FOLIATE']",[]
"[['N', 'E', 'C', 'L'], ['I', 'R', 'O', 'S'], ['A', 'S', 'O', 'E'], ['T', 'I', 'B', 'H']]",180400,311,"['BORNEOL', 'STAINER', 'NECROSE', 'CORNIST', 'ENROBES', 'BORNEOLS', 'CERASIN', 'BITSIER', 'HORNIST', 'RECLOSE', 'STARNIE', 'COEHORN']",[]
"[['N', 'S', 'U', 'E'], ['R', 'T', 'O', 'F'], ['A', 'T', 'D', 'I'], ['D', 'P', 'L', 'A']]",74500,154,"['TARTUFI', 'TARTUFE', 'TARTUFOS', 'TARTUFO']",[]
"[['I', 'B', 'R', 'T'], ['D', 'W', 'N', 'N'], ['E', 'O', 'T', 'S'], ['G', 'D', 'O', 'E']]",74400,157,"['STOOGED', 'NOODGED', 'STODGED', 'SNOODED']",[]
"[['A', 'W', 'I', 'H'], ['H', 'T', 'S', 'N'], ['L', 'E', 'E', 'R'], ['I', 'A', 'G', 'W']]",209400,350,"['LIEGERS', 'WRETHES', 'TWINERS', 'WERGELT', 'GENISTA', 'ENSWATHE', 'WRESTLE', 'REGALES', 'WERGELTS', 'INSWATHE', 'AGENISE', 'REALEST']",[]
"[['G', 'O', 'R', 'A'], ['A', 'H', 'F', 'T'], ['R', 'N', 'O', 'T'], ['N', 'S', 'S', 'H']]",59400,145,['RATTONS'],[]
"[['E', 'F', 'F', 'M'], ['A', 'N', 'O', 'S'], ['K', 'W', 'A', 'P'], ['E', 'O', 'N', 'C']]",64700,187,[],[]
"[['N', 'I', 'H', 'S'], ['T', 'E', 'F', 'O'], ['N', 'R', 'P', 'E'], ['A', 'S', 'L', 'O']]",148100,263,"['HINTERS', 'OPERANT', 'INTERLOPE', 'INTERNS', 'SHINERS', 'SPOSHIER', 'PERSANT', 'ELOPERS', 'OLEFINE']",[]
"[['H', 'E', 'T', 'W'], ['A', 'H', 'Y', 'O'], ['I', 'R', 'S', 'E'], ['R', 'T', 'L', 'N']]",91500,202,"['STIRRAH', 'OSTIARY']",[]
"[['L', 'E', 'M', 'A'], ['H', 'W', 'E', 'C'], ['L', 'U', 'O', 'T'], ['T', 'O', 'N', 'S']]",85100,202,"['UNSTEEL', 'TOUTONS']",[]
"[['S', 'W', 'C', 'T'], ['N', 'E', 'U', 'U'], ['H', 'S', 'I', 'E'], ['O', 'O', 'D', 'G']]",62900,148,"['HOODIES', 'CUISHES']",[]
"[['U', 'A', 'U', 'F'], ['I', 'I', 'D', 'T'], ['S', 'E', 'T', 'H'], ['H', 'N', 'O', 'L']]",57100,141,"['AUDIENT', 'DITONES']",[]
"[['H', 'C', 'S', 'N'], ['E', 'K', 'O', 'L'], ['E', 'D', 'I', 'A'], ['T', 'T', 'N', 'U']]",161800,286,"['NOINTED', 'ANTILOCK', 'CHEDITE', 'UNDOCKS', 'UNDECKS', 'SLAINTE', 'SLANTED', 'SLITTED', 'SONLIKE', 'UNALIKE', 'ALIUNDE']",[]
"[['O', 'I', 'Y', 'D'], ['T', 'E', 'E', 'N'], ['A', 'R', 'A', 'I'], ['H', 'U', 'R', 'H']]",137700,229,"['TERRANE', 'TERRINE', 'TAURINE', 'HURRAED', 'TRAINEE', 'HARRIED', 'NARRATE', 'TEARIER', 'ERRHINE', 'YEAREND', 'TARRIED', 'TERRAIN', 'TRAINED', 'INAURATE', 'HURRIED', 'TAUREAN']",[]
"[['I', 'Y', 'U', 'I'], ['N', 'U', 'O', 'Y'], ['O', 'R', 'N', 'S'], ['L', 'E', 'R', 'P']]",54700,116,['RONYONS'],[]
"[['L', 'O', 'I', 'B'], ['A', 'R', 'T', 'H'], ['G', 'W', 'G', 'U'], ['C', 'E', 'E', 'S']]",56700,132,['THIRLAGE'],[]
"[['R', 'I', 'I', 'F'], ['T', 'E', 'R', 'C'], ['M', 'O', 'L', 'N'], ['N', 'E', 'F', 'T']]",103000,201,"['NEOTERIC', 'FOREMEN', 'FLORIER', 'TRIREME', 'FIREMEN']",[]
"[['I', 'D', 'E', 'R'], ['Z', 'O', 'R', 'A'], ['W', 'E', 'A', 'N'], ['T', 'D', 'M', 'T']]",135500,258,"['REDREAMT', 'ARROWED', 'REDREAM', 'NARROWED']",[]
"[['T', 'R', 'S', 'J'], ['E', 'S', 'U', 'N'], ['R', 'L', 'M', 'H'], ['N', 'O', 'E', 'A']]",189900,279,"['ULSTERS', 'OMELETS', 'LEMURES', 'UNHELMS', 'AMULETS', 'STRUMAE', 'LUSTERS', 'HURTERS', 'AEMULES', 'AMORETS', 'HAMLETS', 'HAMSTERS', 'JUSTERS', 'UNHELES', 'AMUSERS', 'HAMSTER', 'TRUSSER', 'HUMORLESS', 'MUSTERS', 'MORSURE']",[]
"[['E', 'P', 'N', 'E'], ['N', 'S', 'I', 'L'], ['I', 'C', 'H', 'A'], ['U', 'T', 'O', 'T']]",168400,273,"['TOTALISE', 'NITCHIE', 'TALIPES', 'ENCHAIN', 'PENICIL', 'ENCHAINS', 'PISCINE', 'PENSILE', 'COALISE', 'NICOTINS', 'NICOTINES', 'ISCHIAL', 'NICOTIN', 'LAICISE', 'CUISINE', 'NICOTINE']",[]
"[['A', 'R', 'T', 'M'], ['L', 'A', 'I', 'L'], ['S', 'P', 'R', 'T'], ['K', 'E', 'S', 'U']]",319400,447,"['SPITALS', 'SERIALS', 'ASPIRES', 'TRAIPSE', 'ESPIALS', 'LAIPSES', 'TRAPSES', 'LAPSERS', 'PLAASES', 'PAIREST', 'STIRPES', 'TRAIPSES', 'TASKERS', 'TRIPART', 'SATIRES', 'TRIPSES', 'SAIREST', 'SPIRALS', 'ESPRITS', 'SPAREST', 'STRIPES', 'RASPERS', 'LIPASES', 'PERITUS']",[]
"[['P', 'O', 'Y', 'N'], ['O', 'R', 'R', 'E'], ['Y', 'A', 'A', 'I'], ['E', 'D', 'F', 'I']]",68000,151,['ARRAYED'],[]
"[['C', 'K', 'G', 'D'], ['O', 'H', 'T', 'I'], ['R', 'E', 'A', 'I'], ['R', 'E', 'T', 'S']]",143300,221,"['RETASTE', 'CHASTER', 'OCHREAS', 'ROCHETS', 'OCHREAE', 'DIASTER', 'OCHREATE', 'CORREAS', 'THEREAT', 'TERRETS', 'DITHERER', 'COHERER', 'THREATS', 'CHEATER', 'STAITHE', 'THEATER', 'CHOREAS']",[]
"[['W', 'D', 'N', 'E'], ['R', 'P', 'U', 'E'], ['N', 'D', 'H', 'O'], ['H', 'O', 'U', 'P']]",15700,52,['DUDHEEN'],[]
"[['Y', 'R', 'G', 'I'], ['I', 'L', 'H', 'U'], ['A', 'N', 'E', 'W'], ['A', 'P', 'E', 'L']]",47200,126,[],[]
"[['S', 'O', 'R', 'H'], ['B', 'H', 'T', 'A'], ['N', 'C', 'U', 'V'], ['T', 'D', 'D', 'O']]",51100,117,['CUATROS'],[]
"[['H', 'N', 'L', 'L'], ['V', 'N', 'O', 'H'], ['C', 'S', 'P', 'A'], ['E', 'V', 'P', 'E']]",27400,80,[],[]
"[['D', 'C', 'O', 'I'], ['E', 'R', 'W', 'S'], ['N', 'S', 'T', 'O'], ['W', 'T', 'L', 'E']]",137200,223,"['CORSNED', 'CORSLETS', 'CORSLET', 'STOWRES', 'WRESTLE', 'TRESTLE']",[]
"[['H', 'I', 'E', 'E'], ['H', 'O', 'R', 'S'], ['T', 'U', 'B', 'S'], ['A', 'N', 'F', 'R']]",89100,180,"['ANBURIES', 'ROUTHIE', 'OUTHIRES', 'AUTHORS', 'NATURES', 'TOURIES', 'OUTHIRE', 'AUTHORESS', 'BOTHIES']",[]
"[['D', 'U', 'L', 'N'], ['O', 'W', 'A', 'H'], ['I', 'E', 'O', 'H'], ['N', 'D', 'U', 'E']]",41700,115,['LAUWINE'],[]
"[['I', 'M', 'U', 'S'], ['M', 'R', 'I', 'T'], ['O', 'S', 'T', 'W'], ['R', 'L', 'H', 'H']]",90300,158,"['RUTTISH', 'ROSTRUM', 'MISTRUST', 'SURIMIS', 'SISTRUM']",[]
"[['E', 'O', 'A', 'A'], ['H', 'O', 'S', 'R'], ['R', 'E', 'Y', 'I'], ['S', 'H', 'I', 'N']]",81700,173,['HOARSER'],[]
"[['S', 'P', 'S', 'D'], ['I', 'P', 'H', 'K'], ['N', 'R', 'N', 'A'], ['E', 'A', 'E', 'H']]",67400,124,"['SPIRAEA', 'ENRANKS', 'SPHAERE', 'PHREAKS', 'PIRANHA']",[]
"[['M', 'T', 'N', 'R'], ['B', 'T', 'E', 'I'], ['A', 'E', 'O', 'H'], ['Y', 'S', 'O', 'N']]",107500,229,"['BEENTOS', 'TERNION', 'ABETTER', 'NOINTER']",[]
"[['R', 'M', 'H', 'R'], ['C', 'A', 'O', 'T'], ['L', 'E', 'D', 'N'], ['Y', 'W', 'B', 'A']]",106100,248,"['ANOMALY', 'AMOEBAN', 'BECLAMOR', 'MONADAL', 'CELADON']",[]
"[['E', 'F', 'H', 'I'], ['Y', 'A', 'P', 'M'], ['D', 'E', 'U', 'N'], ['F', 'C', 'A', 'O']]",33200,105,[],[]
"[['A', 'O', 'T', 'G'], ['O', 'N', 'X', 'C'], ['R', 'T', 'E', 'E'], ['R', 'M', 'M', 'I']]",34100,80,"['NETROOT', 'TORMENT']",[]
"[['L', 'I', 'S', 'N'], ['T', 'R', 'P', 'A'], ['O', 'E', 'T', 'F'], ['E', 'M', 'C', 'A']]",145500,264,"['EMOTERS', 'TAPETIS', 'SPIREME', 'TRIPTANS', 'OMERTAS', 'CAFTANS', 'TREPANS', 'PROTECT', 'FANSITE', 'EPITOME', 'TRIPTAN']",[]
"[['T', 'T', 'C', 'U'], ['O', 'D', 'S', 'E'], ['V', 'E', 'I', 'U'], ['H', 'D', 'Y', 'R']]",51200,116,"['TOEIEST', 'CESTODE', 'CUSTODE']",[]
"[['F', 'L', 'C', 'H'], ['D', 'A', 'G', 'G'], ['H', 'O', 'S', 'L'], ['D', 'E', 'E', 'T']]",82200,188,"['DAGGLES', 'HAGGLES', 'HAGLETS', 'CLADODE', 'CLADODES']",[]
"[['E', 'U', 'O', 'A'], ['I', 'D', 'R', 'H'], ['T', 'S', 'D', 'W'], ['S', 'R', 'T', 'O']]",56600,128,['RUDISTS'],[]
"[['O', 'A', 'N', 'T'], ['I', 'H', 'S', 'D'], ['T', 'F', 'K', 'C'], ['D', 'O', 'N', 'B']]",24000,73,[],[]
"[['H', 'F', 'T', 'Y'], ['L', 'E', 'O', 'H'], ['P', 'T', 'E', 'W'], ['C', 'P', 'I', 'I']]",41300,117,[],[]
"[['E', 'I', 'N', 'H'], ['T', 'V', 'O', 'R'], ['H', 'U', 'M', 'L'], ['A', 'S', 'E', 'A']]",110000,237,['VEINOUS'],[]
"[['H', 'L', 'I', 'P'], ['K', 'E', 'E', 'N'], ['U', 'T', 'A', 'U'], ['A', 'Y', 'O', 'H']]",55000,162,"['LINEATE', 'PILEATE']",[]
"[['S', 'O', 'R', 'T'], ['L', 'A', 'W', 'U'], ['U', 'S', 'E', 'F'], ['B', 'D', 'E', 'G']]",114100,234,"['OARWEEDS', 'OARWEED']",[]
"[['H', 'I', 'N', 'A'], ['S', 'T', 'D', 'O'], ['P', 'E', 'A', 'P'], ['S', 'G', 'W', 'E']]",202500,349,"['SESTINA', 'GESTAPO', 'PONDAGES', 'ADONISE', 'PODESTA', 'WEAPONISES', 'PEDANTS', 'ANODISE', 'STEWPOND', 'WEAPONISED', 'ADONISES', 'PODITES', 'HIDAGES', 'WEAPONISE', 'PONTAGES', 'PONTAGE', 'ANODISES', 'NIDATES', 'PONDAGE']","['WEAPONISES', 'WEAPONISED']"
"[['N', 'F', 'L', 'E'], ['A', 'W', 'E', 'M'], ['O', 'D', 'E', 'H'], ['H', 'Y', 'S', 'T']]",149200,303,"['HELMETS', 'LEWDEST']",[]
"[['B', 'E', 'C', 'R'], ['L', 'G', 'L', 'D'], ['T', 'A', 'A', 'O'], ['I', 'G', 'D', 'C']]",40900,113,[],[]
"[['A', 'N', 'O', 'P'], ['N', 'C', 'D', 'R'], ['E', 'E', 'A', 'D'], ['G', 'R', 'L', 'S']]",275300,396,"['RONNELS', 'RECORDS', 'RECANED', 'DRACENA', 'CANDELAS', 'ORDEALS', 'ORDNANCE', 'ANELACE', 'RECONNED', 'SADDLER', 'GENERAL', 'GENERALS', 'LARGENED', 'CALDRON', 'PONDERAL', 'CANDELA', 'PROCEED', 'ALENCON', 'CODDLER', 'LECANORA', 'RONDELS', 'CANNELS', 'ENCODER', 'CEREALS', 'ANNEALS', 'ACNODAL', 'LECANORAS', 'CELADON']",[]
"[['D', 'H', 'D', 'E'], ['L', 'A', 'N', 'E'], ['R', 'C', 'A', 'T'], ['M', 'T', 'I', 'J']]",104300,190,"['LANATED', 'LACTATE', 'ANALCITE', 'TRANTED', 'TEACART', 'ANTICAR', 'ANTITRADE', 'ANTICAL', 'LACTATED']",[]
"[['U', 'B', 'E', 'D'], ['J', 'N', 'S', 'F'], ['T', 'A', 'O', 'T'], ['I', 'R', 'E', 'S']]",279500,424,"['DEFOREST', 'ASTONED', 'SEASONED', 'TERTIANS', 'STERANE', 'TREASON', 'STEANED', 'ENTIRES', 'BEDSORES', 'STEANES', 'BEDSORE', 'DEFORESTS', 'SATIRES', 'TERTIAN', 'SAIREST', 'FORESTS', 'SENORES', 'TERTIAS', 'DENOTES', 'SENORITA', 'STERANES', 'REASONED']",[]
"[['F', 'B', 'A', 'E'], ['O', 'S', 'E', 'R'], ['O', 'S', 'H', 'N'], ['I', 'D', 'R', 'A']]",117600,227,"['ISOBARES', 'HARNESS', 'ISOBARE', 'NARDOOS', 'ISOBASE']",[]
"[['T', 'D', 'U', 'L'], ['L', 'R', 'M', 'E'], ['R', 'N', 'Y', 'U'], ['I', 'N', 'E', 'D']]",26000,74,['MURRINE'],[]
"[['A', 'H', 'W', 'S'], ['N', 'L', 'R', 'T'], ['E', 'O', 'E', 'O'], ['V', 'I', 'R', 'H']]",97900,171,"['LEVIERS', 'VIOLETS', 'VIOLERS', 'ALERION', 'RHETORS', 'WHALERS']",[]
"[['A', 'N', 'O', 'U'], ['T', 'N', 'O', 'I'], ['E', 'Y', 'T', 'B'], ['E', 'D', 'A', 'D']]",88500,178,"['BATOONED', 'BATONED', 'TANNOYED', 'BAYONET', 'ANNOYED']",[]
"[['D', 'I', 'T', 'R'], ['R', 'E', 'P', 'M'], ['S', 'O', 'X', 'E'], ['M', 'G', 'L', 'O']]",161800,275,"['EXPOSED', 'LEPORID', 'DIPTEROS', 'EMPTIER', 'EMPTIED', 'EXPOSER', 'GLORIED', 'PELORIES', 'SOPITED', 'EMPTIES', 'EXPIRED', 'PIEROGS', 'EMPIRES', 'EMPTIERS', 'GLORIES', 'ELOPERS', 'EXPIRES']",[]
"[['U', 'S', 'V', 'E'], ['L', 'A', 'E', 'V'], ['H', 'H', 'L', 'B'], ['T', 'I', 'S', 'T']]",124600,220,"['THISTLE', 'THISTLES', 'BESLAVE']",[]
"[['N', 'D', 'H', 'L'], ['E', 'H', 'S', 'W'], ['W', 'E', 'A', 'M'], ['D', 'I', 'I', 'S']]",88500,186,"['DEASHED', 'MAWSEED', 'SMASHED']",[]
"[['I', 'I', 'S', 'K'], ['O', 'E', 'N', 'S'], ['K', 'T', 'G', 'P'], ['A', 'T', 'D', 'P']]",49800,111,['INTAKES'],[]
"[['N', 'T', 'S', 'O'], ['E', 'G', 'O', 'N'], ['R', 'E', 'H', 'A'], ['I', 'C', 'R', 'I']]",138000,258,"['GENTOOS', 'GHERAOS', 'ARCHONS', 'REGRETS', 'GERENTS', 'NARCEEN', 'REGENTS', 'RERENTS', 'CRETONS']",[]
"[['S', 'D', 'N', 'A'], ['E', 'O', 'N', 'E'], ['T', 'R', 'I', 'F'], ['I', 'L', 'U', 'L']]",178300,302,"['ENDNOTES', 'ENFIRED', 'TRIODES', 'DERNFUL', 'DOILTER', 'NORITES', 'TERNION', 'SETLINE', 'URINOSE', 'FLINDER', 'FLIRTED', 'ENFIRES', 'TORULIN', 'ENDNOTE', 'TOILFUL', 'ENDERON', 'SOILURE']",[]
"[['R', 'B', 'I', 'L'], ['E', 'A', 'C', 'B'], ['I', 'L', 'S', 'E'], ['U', 'R', 'C', 'T']]",125000,220,"['ESCALIER', 'LIBERALS', 'LIBERAL', 'SCALIER', 'ECLAIRS', 'RELACES', 'BELACES']",[]
"[['H', 'T', 'E', 'I'], ['P', 'H', 'F', 'A'], ['I', 'T', 'C', 'E'], ['O', 'B', 'C', 'S']]",20800,67,[],[]
"[['E', 'M', 'O', 'T'], ['P', 'P', 'F', 'S'], ['I', 'W', 'A', 'E'], ['W', 'K', 'A', 'Z']]",42900,129,"['TOPAZES', 'WAESOME']",[]
"[['S', 'C', 'T', 'T'], ['O', 'O', 'R', 'I'], ['M', 'N', 'E', 'S'], ['I', 'E', 'D', 'L']]",353400,479,"['SCORNED', 'SORTIES', 'MOONRISE', 'SCOTTIES', 'TROMINO', 'SCROMED', 'TRITONE', 'MORTISE', 'COOTIES', 'CROONED', 'COTTIERS', 'SCRIENE', 'SOONERS', 'DEMONRIES', 'TRITONES', 'COTTISED', 'COORIES', 'SORTIED', 'EMOCORES', 'CONDERS', 'MENDERS', 'SCORSED', 'COTTISE', 'CORNELS', 'SONERIS', 'MOONERS', 'EMOCORE', 'TROMINOS', 'RONDELS', 'DEMINERS', 'SCREEDS', 'MINORED', 'MINDERS', 'SONDERS', 'MOTTIES', 'SCOTTIE', 'TORTIES', 'COTTIER', 'COORIED', 'DEMINER', 'SOOTIER', 'MOTTIER', 'MORTISED', 'ENOMOTIES', 'COTISED']",[]
"[['E', 'R', 'A', 'A'], ['N', 'T', 'R', 'O'], ['N', 'C', 'E', 'I'], ['X', 'T', 'O', 'I']]",43600,90,[],[]
"[['O', 'C', 'O', 'I'], ['S', 'L', 'E', 'W'], ['A', 'S', 'R', 'I'], ['E', 'A', 'D', 'F']]",150900,260,"['COWRIES', 'AREOLAS', 'EARLESS', 'SCLERAS', 'RESEALS', 'SCOWRIES', 'AREOLAE', 'WRASSLE', 'SOLERAS', 'CLASSER', 'SCOWRIE', 'SCLERAE', 'LOWRIES', 'CLERIDS']",[]
"[['I', 'T', 'O', 'L'], ['I', 'F', 'S', 'M'], ['R', 'E', 'A', 'F'], ['S', 'T', 'E', 'L']]",272900,397,"['TEASERS', 'AFREETS', 'MASTIER', 'SOFTIES', 'SAETERS', 'RETEAMS', 'MAFTIRS', 'TASTIER', 'LEAFIER', 'LOFTIER', 'FLASERS', 'ELATERS', 'MOTSERS', 'STRIFES', 'STREAMS', 'FEATEST', 'MAESTRI', 'LEAFIEST', 'TRITOMAS', 'MOTIEST', 'STOMATE', 'MASTIEST', 'STOMATES', 'STRIFTS', 'FIESTAS', 'TRITOMA', 'LOFTIEST', 'LEASERS', 'FASTIES', 'OSMATES']",[]
"[['I', 'C', 'P', 'O'], ['W', 'L', 'D', 'S'], ['O', 'T', 'A', 'I'], ['H', 'H', 'E', 'T']]",100400,221,"['HOTHEAD', 'PODALIC', 'HEADCLOTH', 'HOTHEADS']",[]
"[['A', 'B', 'V', 'S'], ['L', 'H', 'I', 'E'], ['I', 'H', 'E', 'A'], ['O', 'W', 'T', 'T']]",30700,94,"['LABIATE', 'ATHEISE']",[]
"[['A', 'O', 'N', 'R'], ['E', 'D', 'I', 'T'], ['D', 'E', 'S', 'V'], ['U', 'H', 'R', 'H']]",150700,251,"['DEADERS', 'STRIDER', 'TRIODES', 'TINDERS', 'REDDISH', 'SHUDDER', 'NODDERS', 'HEDONIST', 'ADONISED', 'REEDITS', 'ADONISE', 'DERVISH', 'RIDDERS', 'RESIDED', 'DEADEST']",[]
"[['D', 'S', 'R', 'H'], ['S', 'A', 'O', 'M'], ['T', 'T', 'N', 'O'], ['O', 'F', 'I', 'H']]",154400,298,"['MONITOR', 'ORATION', 'STATION', 'STATORS', 'RATTOON', 'MONITORS']",[]
"[['E', 'C', 'D', 'F'], ['I', 'A', 'Y', 'E'], ['I', 'R', 'C', 'O'], ['T', 'N', 'U', 'T']]",106400,192,"['INTRICACY', 'FEDARIE', 'UNRACED', 'UNTRACE', 'UNTRACED', 'DECURIA', 'COUNTRY']",[]
"[['A', 'D', 'T', 'E'], ['S', 'N', 'I', 'C'], ['D', 'O', 'A', 'L'], ['E', 'C', 'U', 'O']]",151500,276,"['CALCITE', 'ACTIONS', 'LACONIC', 'ACETINS', 'INOCULA', 'ANALCITE', 'OILCANS', 'CONICAL', 'ANTICAL', 'DEONTIC', 'DECANOIC', 'ACONITE']",[]
"[['D', 'P', 'N', 'E'], ['S', 'O', 'U', 'T'], ['E', 'M', 'A', 'I'], ['A', 'W', 'S', 'O']]",128400,279,"['SPUMONE', 'OPUNTIAS', 'AUTISMS', 'AMAUTIS', 'PNEUMAS', 'ENTAMES', 'OPUNTIA', 'SEAMOUNT', 'UNTAMES', 'EUPNOEA']",[]
"[['A', 'W', 'S', 'E'], ['R', 'O', 'O', 'I'], ['D', 'D', 'N', 'T'], ['N', 'F', 'T', 'A']]",93900,189,"['TANTIES', 'TOONIES', 'TANDOOR', 'ATONIES', 'ROOTIES', 'ISODONT']",[]
"[['F', 'C', 'A', 'S'], ['R', 'S', 'H', 'H'], ['E', 'T', 'R', 'N'], ['E', 'O', 'A', 'U']]",94100,170,"['CHASTER', 'ORNATER', 'SHASTER', 'SHASTRA']",[]
"[['D', 'G', 'E', 'T'], ['N', 'S', 'O', 'H'], ['W', 'N', 'A', 'E'], ['U', 'T', 'F', 'A']]",49400,160,[],[]
"[['D', 'R', 'Q', 'M'], ['M', 'I', 'S', 'C'], ['I', 'L', 'T', 'I'], ['O', 'T', 'N', 'E']]",71000,134,"['MISCITE', 'ENTOILS', 'DISTENT', 'INTIMISM', 'INTIMISTE', 'INTIMIST']",[]
"[['T', 'E', 'G', 'B'], ['A', 'D', 'O', 'O'], ['T', 'E', 'N', 'D'], ['L', 'V', 'R', 'N']]",59000,147,['DOGEATE'],[]
"[['C', 'S', 'N', 'T'], ['A', 'B', 'E', 'I'], ['W', 'N', 'G', 'E'], ['C', 'W', 'L', 'I']]",76500,166,['SANGEET'],[]
"[['O', 'N', 'N', 'V'], ['U', 'E', 'W', 'T'], ['A', 'A', 'E', 'T'], ['W', 'K', 'O', 'R']]",39600,110,['TWEAKER'],[]
"[['T', 'N', 'U', 'B'], ['M', 'R', 'I', 'N'], ['E', 'F', 'T', 'O'], ['I', 'S', 'Y', 'E']]",128900,215,"['NOTIFIES', 'UNIFIES', 'MESTINO', 'RUBIFIES', 'NOTIFIER', 'TONIFIES', 'FIRMEST', 'UNIFIER', 'BITSIER']",[]
"[['E', 'H', 'O', 'G'], ['I', 'N', 'D', 'L'], ['N', 'S', 'O', 'T'], ['A', 'F', 'E', 'S']]",119900,230,"['STOLONS', 'GOLDTONE', 'INFOLDS']",[]
"[['T', 'F', 'I', 'A'], ['G', 'F', 'O', 'N'], ['T', 'E', 'J', 'I'], ['R', 'S', 'S', 'E']]",59200,119,"['IONISES', 'IONISER', 'IONISERS', 'NAIFEST', 'NIFFERS', 'FINISES']",[]
"[['D', 'U', 'V', 'S'], ['T', 'I', 'V', 'I'], ['T', 'E', 'E', 'R'], ['A', 'H', 'S', 'U']]",130600,215,"['DITHERS', 'VUTTIER', 'DIETHERS', 'TETHERS', 'DIVERSE', 'DIVVIER', 'DIETHER', 'TITHERS', 'DIVVIES', 'AETHERS', 'HETTIES']",[]
"[['N', 'R', 'T', 'R'], ['H', 'I', 'E', 'E'], ['C', 'O', 'S', 'I'], ['N', 'T', 'M', 'S']]",199300,301,"['COESITE', 'CHRISOMS', 'TERNION', 'MOSSIER', 'TRICOTS', 'MOCHIEST', 'TRESSIER', 'CHRISMON', 'RETIRES', 'TRICHOSIS', 'OCHRIER', 'HISSIER', 'NOTCHIER', 'HOMIEST', 'CHRISTOMS', 'RETRIES', 'NOISIER', 'MISSIER', 'CISSIER', 'CHRISOM', 'OCHRIEST', 'MOCHIER', 'SERICON', 'CHRISTOM', 'TOSSIER', 'CHRISMS', 'MISSION', 'STOITER']",[]
"[['C', 'O', 'H', 'H'], ['W', 'W', 'Y', 'S'], ['N', 'R', 'R', 'O'], ['I', 'D', 'D', 'T']]",20500,72,[],[]
"[['Y', 'I', 'T', 'T'], ['S', 'O', 'N', 'L'], ['B', 'S', 'E', 'C'], ['O', 'W', 'A', 'I']]",116600,223,"['CASSINE', 'CESSION', 'TINTLESS', 'CASSINO', 'NEWSBOYS', 'CASSONE', 'BOTTLES', 'NEWSBOY']",[]
"[['E', 'T', 'O', 'C'], ['A', 'H', 'O', 'E'], ['W', 'T', 'N', 'L'], ['A', 'Y', 'H', 'P']]",69800,160,['WHATNOT'],[]
"[['P', 'U', 'G', 'M'], ['S', 'N', 'O', 'O'], ['E', 'T', 'N', 'S'], ['E', 'W', 'T', 'A']]",184600,316,"['PUNTEES', 'SANNUPS', 'ATTONES', 'MOONSET', 'SOONEST', 'TANNEST', 'SANTONS', 'GNOMONS', 'NEWTONS', 'SONNETS', 'STANNOUS']",[]
"[['R', 'W', 'A', 'H'], ['I', 'O', 'D', 'A'], ['N', 'O', 'G', 'S'], ['W', 'L', 'H', 'F']]",60500,166,"['DOGSHOW', 'HAGDOWN', 'ROADSHOW']",[]
"[['W', 'T', 'H', 'M'], ['M', 'N', 'O', 'S'], ['A', 'T', 'Y', 'W'], ['E', 'H', 'A', 'E']]",79100,219,[],[]
"[['G', 'N', 'I', 'N'], ['P', 'E', 'T', 'B'], ['A', 'D', 'F', 'O'], ['B', 'E', 'W', 'D']]",46600,130,['WEFTING'],[]
"[['A', 'W', 'B', 'I'], ['D', 'O', 'E', 'A'], ['D', 'E', 'V', 'V'], ['F', 'M', 'Y', 'L']]",28700,91,[],[]
"[['N', 'F', 'C', 'U'], ['L', 'R', 'Y', 'S'], ['A', 'H', 'H', 'N'], ['O', 'A', 'I', 'R']]",21300,69,[],[]
"[['T', 'J', 'W', 'E'], ['H', 'K', 'A', 'Y'], ['T', 'W', 'U', 'D'], ['O', 'N', 'O', 'P']]",29400,112,[],[]
"[['F', 'N', 'R', 'F'], ['U', 'A', 'O', 'W'], ['M', 'I', 'O', 'E'], ['H', 'H', 'I', 'D']]",41800,126,['MIAOWED'],[]
"[['T', 'E', 'A', 'N'], ['P', 'D', 'M', 'H'], ['A', 'C', 'D', 'I'], ['T', 'I', 'E', 'H']]",58900,143,[],[]
"[['B', 'W', 'O', 'N'], ['R', 'I', 'G', 'N'], ['I', 'E', 'L', 'W'], ['S', 'R', 'U', 'C']]",94000,169,"['WURLIES', 'CURLIER', 'CURLIES']",[]
"[['K', 'C', 'W', 'T'], ['U', 'E', 'T', 'R'], ['D', 'L', 'S', 'E'], ['S', 'D', 'O', 'H']]",174100,291,"['WRESTLED', 'LETTRES', 'OLDSTER', 'RESOLED', 'WELSHER', 'HOLSTER', 'HOSTELS', 'OERSTEDS', 'HODDLES', 'CUDDLES', 'WRESTLE', 'WELTERS', 'WRESTED', 'OERSTED', 'TRESTLE', 'KELTERS', 'CULTERS']",[]
"[['S', 'N', 'I', 'V'], ['Y', 'H', 'Y', 'W'], ['A', 'E', 'E', 'B'], ['T', 'M', 'F', 'O']]",37700,136,[],[]
"[['E', 'E', 'D', 'H'], ['N', 'T', 'L', 'T'], ['L', 'K', 'C', 'I'], ['G', 'C', 'M', 'A']]",46700,96,"['TICKLED', 'MACKLED']",[]
"[['N', 'T', 'R', 'U'], ['S', 'H', 'A', 'N'], ['H', 'Y', 'A', 'U'], ['E', 'F', 'Y', 'E']]",41500,126,[],[]
"[['I', 'R', 'E', 'M'], ['Y', 'C', 'A', 'E'], ['H', 'R', 'S', 'M'], ['H', 'Y', 'F', 'A']]",116700,208,"['CAREMES', 'MESARCH', 'RACEMES', 'AMESACE', 'CRAMESY']",[]
"[['E', 'E', 'O', 'K'], ['N', 'I', 'M', 'O'], ['S', 'T', 'A', 'B'], ['I', 'R', 'S', 'Y']]",209900,350,"['BOATMEN', 'TAMEINS', 'RAIMENT', 'INSTARS', 'MARTINS', 'STRAINS', 'TRAINEE', 'RAIMENTS', 'STAMENS', 'MATINEE', 'BOOKMEN', 'SAMITIS']",[]
"[['T', 'N', 'N', 'U'], ['E', 'A', 'I', 'Y'], ['T', 'H', 'S', 'S'], ['H', 'V', 'A', 'E']]",114900,205,"['ENTASIS', 'TENIASES', 'TETANISE', 'TANNISH', 'ENTASES', 'UNNEATH', 'SHENAIS', 'TENNISES', 'TETANISES']",[]
"[['E', 'L', 'B', 'U'], ['H', 'R', 'C', 'T'], ['C', 'O', 'P', 'V'], ['S', 'R', 'O', 'E']]",50400,118,[],[]
"[['K', 'R', 'N', 'E'], ['I', 'H', 'M', 'G'], ['A', 'I', 'L', 'R'], ['D', 'N', 'B', 'S']]",36100,97,[],[]
"[['D', 'I', 'W', 'M'], ['N', 'C', 'I', 'E'], ['A', 'D', 'R', 'T'], ['B', 'S', 'B', 'A']]",139900,242,"['INCITER', 'DANCIER', 'WINDIER', 'INDITER', 'MIDBAND', 'SANDBAR', 'METICAS', 'BANDIER', 'NACRITE', 'INCITERS', 'SANDIER', 'INDITERS', 'REWINDS']",[]
"[['D', 'I', 'W', 'T'], ['E', 'E', 'I', 'L'], ['A', 'N', 'L', 'F'], ['N', 'A', 'H', 'T']]",110200,211,"['TWILLED', 'INHALED', 'ALIENED', 'TWELFTH', 'HALFLIN', 'FLANNIE', 'THALLINE']",[]
"[['S', 'M', 'N', 'E'], ['O', 'E', 'T', 'R'], ['A', 'T', 'P', 'L'], ['M', 'A', 'R', 'S']]",128500,231,"['SPATTER', 'PATTERN', 'RATTENER']",[]
"[['F', 'T', 'H', 'T'], ['N', 'E', 'D', 'Y'], ['W', 'I', 'W', 'E'], ['A', 'O', 'F', 'S']]",76500,179,[],[]
"[['V', 'H', 'N', 'W'], ['U', 'A', 'O', 'H'], ['R', 'T', 'T', 'S'], ['R', 'I', 'E', 'E']]",148100,253,"['RATITES', 'ARTIEST', 'HARRIES', 'NOTATES', 'ARIETTES', 'TARRIEST', 'STIRRAH', 'ARIETTE', 'OATIEST', 'HURRIES', 'IRATEST', 'OARIEST', 'HOTTIES', 'OTARIES', 'HAUTEST', 'TARRIES', 'NOTARIES', 'HOARIEST']",[]
"[['O', 'L', 'P', 'W'], ['A', 'A', 'S', 'N'], ['H', 'T', 'O', 'T'], ['N', 'I', 'U', 'I']]",92600,182,"['SPATHAL', 'HALATION', 'ALATION', 'INTUITS', 'HALATIONS', 'ALATIONS']",[]
"[['D', 'S', 'T', 'O'], ['D', 'I', 'A', 'S'], ['N', 'H', 'W', 'A'], ['E', 'E', 'N', 'H']]",102500,212,"['ENWINDS', 'AWHATOS', 'SIDDHAS']",[]
"[['R', 'C', 'O', 'F'], ['N', 'E', 'I', 'E'], ['L', 'I', 'T', 'T'], ['R', 'N', 'C', 'L']]",71100,129,"['INCITER', 'NITTIER', 'LINTIER', 'REINCITE', 'CITTERN']",[]
"[['O', 'W', 'T', 'E'], ['V', 'L', 'S', 'I'], ['S', 'I', 'Y', 'Y'], ['O', 'H', 'L', 'V']]",54900,101,"['WOLVISHLY', 'OWLISHLY', 'WOLVISH']",[]
"[['E', 'U', 'G', 'C'], ['D', 'T', 'O', 'I'], ['U', 'T', 'A', 'L'], ['A', 'B', 'I', 'C']]",134900,220,"['CALOTTE', 'CLATTED', 'DUBITATE', 'CILIATE', 'CILIATED', 'CLOTTED', 'ABUTTAL', 'ABUTTED', 'CATTABU', 'CLOUTED', 'CIABATTE', 'LIBATED', 'BAILOUT']",[]
"[['C', 'E', 'O', 'S'], ['Y', 'L', 'W', 'C'], ['O', 'A', 'R', 'I'], ['D', 'N', 'N', 'E']]",147000,270,"['SWANNIE', 'SCRAWLY', 'SCOWRIE', 'CELADON', 'SWANNIER']",[]
"[['T', 'S', 'C', 'A'], ['D', 'R', 'S', 'I'], ['V', 'N', 'A', 'E'], ['I', 'E', 'B', 'T']]",116100,232,['ENSEARS'],[]
"[['L', 'W', 'M', 'E'], ['N', 'S', 'C', 'T'], ['O', 'R', 'N', 'P'], ['E', 'A', 'T', 'A']]",64600,135,"['PATRONS', 'SORTANCE', 'NATRONS']",[]
"[['A', 'T', 'E', 'D'], ['A', 'H', 'I', 'P'], ['H', 'R', 'O', 'B'], ['R', 'S', 'O', 'Y']]",123400,249,"['BORATED', 'PIRATED', 'SOPITED', 'HOORAHS']",[]
"[['U', 'D', 'E', 'N'], ['H', 'N', 'R', 'S'], ['O', 'E', 'C', 'U'], ['Y', 'Y', 'V', 'R']]",117600,188,"['UNCURED', 'HERDENS', 'UNCURSED', 'UNCURSE', 'VENDERS', 'UNDERNS', 'RECUSED', 'YONDERS', 'RESURVEY', 'SCERNED']",[]
"[['D', 'G', 'H', 'E'], ['L', 'Y', 'S', 'C'], ['U', 'O', 'R', 'H'], ['B', 'I', 'S', 'A']]",80300,160,"['BORSHCHES', 'RIBULOSE', 'LORCHAS', 'BORSHCH', 'BIRCHES', 'ESCHARS']",[]
"[['S', 'T', 'H', 'W'], ['E', 'R', 'A', 'E'], ['S', 'U', 'A', 'B'], ['F', 'R', 'O', 'I']]",191600,310,"['ROUSERS', 'BEWARES', 'AROUSERS', 'AROUSER', 'AROUSES', 'TABOURS', 'HEARSES', 'HEATERS', 'BEATERS', 'AURATES', 'ABATERS', 'BOURSES']",[]
"[['S', 'B', 'R', 'N'], ['U', 'T', 'T', 'I'], ['I', 'E', 'B', 'S'], ['E', 'D', 'L', 'A']]",149000,244,"['ELASTIN', 'BLASTED', 'RIBLETS', 'TRIBALS', 'TRIBLETS', 'SUBTRIBE', 'SUBTRIST', 'TRIBLET', 'TIDBITS', 'NIBLETS']",[]
"[['E', 'O', 'C', 'V'], ['T', 'E', 'I', 'S'], ['N', 'T', 'A', 'N'], ['H', 'R', 'A', 'O']]",136900,244,"['TETANICS', 'ARTISAN', 'RATTEEN', 'ENTRAIN', 'TRANSIENT', 'TETANIC', 'NASCENT', 'SATANIC', 'ENTRAINS', 'SCOTTIE']",[]
"[['R', 'A', 'O', 'V'], ['L', 'T', 'I', 'E'], ['F', 'M', 'S', 'E'], ['O', 'S', 'D', 'T']]",93400,165,"['ARTIEST', 'ALTOIST', 'OATIEST', 'SOFTIES', 'TOEIEST', 'MISTRAL', 'OESTRAL', 'VESTRAL', 'SOMITAL', 'ARTISTE']",[]
"[['A', 'I', 'P', 'B'], ['S', 'A', 'U', 'N'], ['S', 'P', 'R', 'H'], ['H', 'W', 'E', 'E']]",62800,155,['UNPAPER'],[]
"[['R', 'U', 'A', 'Y'], ['E', 'S', 'C', 'N'], ['I', 'E', 'O', 'C'], ['L', 'T', 'O', 'I']]",123800,232,"['LEISURE', 'ACETOSE', 'SOOTIER', 'CYANOSE', 'NOTECASE', 'CONCEIT', 'CYNOSURE', 'COOTIES', 'CONCURS', 'CONCAUSE']",[]
"[['U', 'A', 'N', 'N'], ['I', 'A', 'S', 'E'], ['T', 'F', 'S', 'I'], ['F', 'G', 'T', 'M']]",65200,127,"['TISANES', 'SIENNAS', 'TANSIES', 'TANNEST', 'FASTIES', 'NASTIES']",[]
"[['F', 'Y', 'I', 'T'], ['S', 'E', 'T', 'A'], ['W', 'I', 'Y', 'R'], ['R', 'E', 'C', 'W']]",98100,194,"['RATITES', 'RATTIER', 'TARTIER', 'CERITES', 'RECRATE', 'RECRATES', 'RECITES']",[]
"[['E', 'A', 'S', 'N'], ['I', 'F', 'G', 'E'], ['T', 'W', 'H', 'D'], ['R', 'R', 'S', 'E']]",26700,77,[],[]
"[['N', 'N', 'Y', 'T'], ['E', 'U', 'U', 'R'], ['A', 'H', 'R', 'O'], ['S', 'H', 'A', 'E']]",36100,99,['HURRAHS'],[]
"[['Y', 'A', 'M', 'O'], ['E', 'P', 'S', 'H'], ['H', 'Y', 'G', 'E'], ['N', 'A', 'T', 'T']]",56100,180,[],[]
"[['R', 'G', 'L', 'O'], ['S', 'D', 'S', 'W'], ['E', 'D', 'T', 'R'], ['O', 'F', 'T', 'E']]",29100,72,['OLDSTER'],[]
"[['E', 'W', 'E', 'S'], ['S', 'O', 'U', 'T'], ['H', 'N', 'R', 'A'], ['O', 'R', 'H', 'F']]",147900,283,"['UNSHOES', 'STARNOSE']",[]
"[['S', 'B', 'L', 'V'], ['O', 'H', 'T', 'I'], ['E', 'O', 'H', 'E'], ['R', 'G', 'I', 'D']]",108900,197,"['BOOGIED', 'SHOOGIE', 'LITHOID', 'EIGHTHS', 'SOOTHED', 'SOOGIED', 'SHOOTIE', 'SOOTHER', 'BLITHER', 'DIETHER', 'SHOOGIED', 'THEROID']",[]
"[['T', 'D', 'L', 'A'], ['N', 'D', 'L', 'I'], ['A', 'I', 'N', 'E'], ['H', 'S', 'H', 'M']]",106400,195,"['HIDLINS', 'HANDLINE', 'ANILINE', 'MEHNDIS', 'INSHELL', 'ANILINS']",[]
"[['Y', 'A', 'L', 'A'], ['Y', 'O', 'H', 'M'], ['S', 'D', 'H', 'V'], ['R', 'E', 'E', 'S']]",75000,169,"['SHODERS', 'HAYSEED']",[]
"[['L', 'S', 'N', 'P'], ['H', 'H', 'I', 'O'], ['O', 'D', 'T', 'E'], ['T', 'A', 'L', 'E']]",102600,208,"['TOADLET', 'DOTATIONS', 'ELATIONS', 'TOADISH', 'DALETHS', 'ELATION', 'ETHIONS', 'DALTONS', 'DOTATION']",[]
"[['P', 'R', 'Y', 'Y'], ['L', 'O', 'I', 'T'], ['E', 'B', 'A', 'I'], ['H', 'T', 'K', 'L']]",71400,163,"['LOBTAIL', 'PROBITY', 'LIKABLE', 'PROBATE']",[]
"[['O', 'M', 'R', 'H'], ['E', 'T', 'A', 'D'], ['K', 'K', 'H', 'B'], ['Y', 'A', 'O', 'B']]",47600,151,[],[]
"[['I', 'S', 'N', 'A'], ['N', 'R', 'L', 'R'], ['H', 'C', 'E', 'B'], ['T', 'O', 'L', 'U']]",60900,121,"['INSNARER', 'BRANSLE', 'SNARLER', 'CHOLERS', 'CHOLERA', 'INSNARE']",[]
"[['D', 'I', 'M', 'K'], ['N', 'F', 'O', 'A'], ['D', 'S', 'T', 'S'], ['A', 'I', 'N', 'T']]",90400,189,"['SAINTFOIN', 'MASTOID']",[]
"[['O', 'C', 'H', 'Y'], ['E', 'I', 'E', 'B'], ['L', 'R', 'S', 'G'], ['N', 'N', 'A', 'R']]",129700,237,"['YECHIER', 'HIRAGES', 'CEILERS', 'LECHERS', 'HEGARIS', 'ELICHES', 'COILERS']",[]
"[['L', 'S', 'T', 'T'], ['S', 'A', 'M', 'R'], ['E', 'O', 'L', 'Y'], ['N', 'E', 'R', 'I']]",141300,264,"['SLALOMS', 'AMYLOSE', 'ENOLASE', 'MALENESS', 'AMYLENES', 'MOLASSE', 'SEALERY', 'MORENESS', 'LASSOER', 'ALMONER', 'LOESSAL', 'AMYLENE']",[]
"[['D', 'D', 'A', 'C'], ['I', 'A', 'R', 'G'], ['E', 'C', 'F', 'N'], ['O', 'I', 'E', 'T']]",62600,116,"['ENGRAFT', 'DRAGNET', 'CADDICE', 'FARADIC', 'CARDIAE', 'CARDIAC', 'ENGRACE']",[]
"[['W', 'C', 'M', 'E'], ['O', 'O', 'L', 'R'], ['N', 'V', 'E', 'B'], ['B', 'R', 'T', 'S']]",124000,202,"['COVERTS', 'OMELETS', 'COOLEST', 'CONVERT', 'OVERBLOW', 'MONOCLES', 'REMOVER', 'REMOVES', 'CONVERTS', 'MONOCLE']",[]
